File_Location,debug_Count
C:\Users\gspav\PycharmProjects\ompi\3rd-party\openpmix\examples--debugger.c,7
C:\Users\gspav\PycharmProjects\ompi\3rd-party\openpmix\src\class--pmix_object.h,3
C:\Users\gspav\PycharmProjects\ompi\3rd-party\openpmix\src\include--pmix_types.h,1
C:\Users\gspav\PycharmProjects\ompi\3rd-party\openpmix\src\threads--mutex.c,2
C:\Users\gspav\PycharmProjects\ompi\3rd-party\openpmix\src\threads--pmix_mutex_unix.h,3
C:\Users\gspav\PycharmProjects\ompi\3rd-party\openpmix\src\threads--pmix_threads.h,6
C:\Users\gspav\PycharmProjects\ompi\3rd-party\openpmix\src\threads--thread.c,1
C:\Users\gspav\PycharmProjects\ompi\3rd-party\openpmix\src\util--pmix_output.c,2
C:\Users\gspav\PycharmProjects\ompi\3rd-party\openpmix\src\util--pmix_output.h,1
C:\Users\gspav\PycharmProjects\ompi\3rd-party\prrte\examples\debugger--direct-multi.c,2
C:\Users\gspav\PycharmProjects\ompi\3rd-party\prrte\examples\debugger--direct.c,2
C:\Users\gspav\PycharmProjects\ompi\3rd-party\prrte\src\event--event-internal.h,1
C:\Users\gspav\PycharmProjects\ompi\3rd-party\prrte\src\mca\ess\base--ess_base_std_prted.c,1
C:\Users\gspav\PycharmProjects\ompi\3rd-party\prrte\src\mca\ess\hnp--ess_hnp_module.c,1
C:\Users\gspav\PycharmProjects\ompi\3rd-party\prrte\src\mca\plm\alps--plm_alps_component.c,1
C:\Users\gspav\PycharmProjects\ompi\3rd-party\prrte\src\mca\plm\alps--plm_alps_module.c,1
C:\Users\gspav\PycharmProjects\ompi\3rd-party\prrte\src\mca\plm\base--plm_base_launch_support.c,3
C:\Users\gspav\PycharmProjects\ompi\3rd-party\prrte\src\mca\plm\base--plm_base_receive.c,4
C:\Users\gspav\PycharmProjects\ompi\3rd-party\prrte\src\mca\plm\slurm--plm_slurm_module.c,1
C:\Users\gspav\PycharmProjects\ompi\3rd-party\prrte\src\mca\plm\ssh--plm_ssh_module.c,2
C:\Users\gspav\PycharmProjects\ompi\3rd-party\prrte\src\mca\rmaps\base--rmaps_base_map_job.c,1
C:\Users\gspav\PycharmProjects\ompi\3rd-party\prrte\src\mca\state\base--state_base_fns.c,3
C:\Users\gspav\PycharmProjects\ompi\3rd-party\prrte\src\mca\state\dvm--state_dvm.c,3
C:\Users\gspav\PycharmProjects\ompi\3rd-party\prrte\src\mca\state\prted--state_prted.c,3
C:\Users\gspav\PycharmProjects\ompi\3rd-party\prrte\src\prted--prted_comm.c,15
C:\Users\gspav\PycharmProjects\ompi\3rd-party\prrte\src\runtime--prte_finalize.c,1
C:\Users\gspav\PycharmProjects\ompi\3rd-party\prrte\src\runtime--prte_globals.c,14
C:\Users\gspav\PycharmProjects\ompi\3rd-party\prrte\src\runtime--prte_globals.h,9
C:\Users\gspav\PycharmProjects\ompi\3rd-party\prrte\src\runtime--prte_init.c,3
C:\Users\gspav\PycharmProjects\ompi\3rd-party\prrte\src\runtime--prte_mca_params.c,11
C:\Users\gspav\PycharmProjects\ompi\3rd-party\prrte\src\runtime--prte_wait.h,3
C:\Users\gspav\PycharmProjects\ompi\3rd-party\prrte\src\runtime--runtime.h,2
C:\Users\gspav\PycharmProjects\ompi\3rd-party\prrte\src\tools\prte--prte.c,3
C:\Users\gspav\PycharmProjects\ompi\3rd-party\prrte\src\tools\prted--prted.c,15
C:\Users\gspav\PycharmProjects\ompi\3rd-party\prrte\src\util--malloc.c,10
C:\Users\gspav\PycharmProjects\ompi\3rd-party\prrte\src\util--malloc.h,2
C:\Users\gspav\PycharmProjects\ompi\3rd-party\prrte\src\util--output.c,2
C:\Users\gspav\PycharmProjects\ompi\3rd-party\prrte\src\util--output.h,1
C:\Users\gspav\PycharmProjects\ompi\3rd-party\prrte\src\util--session_dir.c,13
C:\Users\gspav\PycharmProjects\ompi\3rd-party\prrte\src\util--show_help.c,1
C:\Users\gspav\PycharmProjects\ompi\3rd-party\romio341\adio\ad_pvfs2--ad_pvfs2_hints.c,5
C:\Users\gspav\PycharmProjects\ompi\ompi\communicator--comm_init.c,1
C:\Users\gspav\PycharmProjects\ompi\ompi\datatype--ompi_datatype.h,1
C:\Users\gspav\PycharmProjects\ompi\ompi\datatype--ompi_datatype_module.c,1
C:\Users\gspav\PycharmProjects\ompi\ompi\debuggers--debuggers.h,5
C:\Users\gspav\PycharmProjects\ompi\ompi\debuggers--ompi_common_dll.c,1
C:\Users\gspav\PycharmProjects\ompi\ompi\debuggers--ompi_debuggers.c,8
C:\Users\gspav\PycharmProjects\ompi\ompi\debuggers--ompi_msgq_dll.c,3
C:\Users\gspav\PycharmProjects\ompi\ompi\file--file.c,3
C:\Users\gspav\PycharmProjects\ompi\ompi\info--info.c,5
C:\Users\gspav\PycharmProjects\ompi\ompi\info--info.h,1
C:\Users\gspav\PycharmProjects\ompi\ompi\instance--instance.c,3
C:\Users\gspav\PycharmProjects\ompi\ompi\mca\coll\ftagree--coll_ftagree.h,1
C:\Users\gspav\PycharmProjects\ompi\ompi\mca\coll\ftagree--coll_ftagree_component.c,2
C:\Users\gspav\PycharmProjects\ompi\ompi\mca\coll\ftagree--coll_ftagree_earlyreturning.c,15
C:\Users\gspav\PycharmProjects\ompi\ompi\mca\coll\hcoll--coll_hcoll.h,1
C:\Users\gspav\PycharmProjects\ompi\ompi\mca\coll\ucc--coll_ucc.h,1
C:\Users\gspav\PycharmProjects\ompi\ompi\mca\common\monitoring--common_monitoring.c,1
C:\Users\gspav\PycharmProjects\ompi\ompi\mca\pml\v--pml_v_output.c,1
C:\Users\gspav\PycharmProjects\ompi\ompi\runtime--ompi_mpi_init.c,1
C:\Users\gspav\PycharmProjects\ompi\ompi\runtime--ompi_mpi_params.c,10
C:\Users\gspav\PycharmProjects\ompi\ompi\runtime--ompi_rte.c,1
C:\Users\gspav\PycharmProjects\ompi\ompi\runtime--ompi_rte.h,2
C:\Users\gspav\PycharmProjects\ompi\ompi\runtime--params.h,3
C:\Users\gspav\PycharmProjects\ompi\ompi\win--win.c,1
C:\Users\gspav\PycharmProjects\ompi\opal\class--opal_object.h,2
C:\Users\gspav\PycharmProjects\ompi\opal\datatype--opal_convertor_raw.c,1
C:\Users\gspav\PycharmProjects\ompi\opal\datatype--opal_datatype.h,1
C:\Users\gspav\PycharmProjects\ompi\opal\datatype--opal_datatype_copy.c,1
C:\Users\gspav\PycharmProjects\ompi\opal\datatype--opal_datatype_internal.h,6
C:\Users\gspav\PycharmProjects\ompi\opal\datatype--opal_datatype_module.c,16
C:\Users\gspav\PycharmProjects\ompi\opal\datatype--opal_datatype_pack.c,1
C:\Users\gspav\PycharmProjects\ompi\opal\datatype--opal_datatype_position.c,1
C:\Users\gspav\PycharmProjects\ompi\opal\datatype--opal_datatype_unpack.c,1
C:\Users\gspav\PycharmProjects\ompi\opal\mca\btl\usnic--btl_usnic.h,1
C:\Users\gspav\PycharmProjects\ompi\opal\mca\btl\usnic--btl_usnic_component.c,2
C:\Users\gspav\PycharmProjects\ompi\opal\mca\pmix--pmix-internal.h,5
C:\Users\gspav\PycharmProjects\ompi\opal\mca\threads--mutex.h,3
C:\Users\gspav\PycharmProjects\ompi\opal\mca\threads--threads.h,4
C:\Users\gspav\PycharmProjects\ompi\opal\mca\threads\base--mutex.c,2
C:\Users\gspav\PycharmProjects\ompi\opal\mca\threads\base--threads_base.c,1
C:\Users\gspav\PycharmProjects\ompi\opal\runtime--opal_params.c,4
C:\Users\gspav\PycharmProjects\ompi\opal\runtime--opal_params.h,1
C:\Users\gspav\PycharmProjects\ompi\opal\runtime--opal_progress.c,2
C:\Users\gspav\PycharmProjects\ompi\opal\util--event.c,1
C:\Users\gspav\PycharmProjects\ompi\opal\util--event.h,1
C:\Users\gspav\PycharmProjects\ompi\opal\util--malloc.c,10
C:\Users\gspav\PycharmProjects\ompi\opal\util--malloc.h,2
C:\Users\gspav\PycharmProjects\ompi\opal\util--output.c,2
C:\Users\gspav\PycharmProjects\ompi\opal\util--output.h,1
C:\Users\gspav\PycharmProjects\ompi\opal\win32--win_compat.h,2
C:\Users\gspav\PycharmProjects\ompi\oshmem\mca\scoll\mpi--scoll_mpi.h,1
C:\Users\gspav\PycharmProjects\ompi\oshmem\mca\scoll\ucc--scoll_ucc.h,1
C:\Users\gspav\PycharmProjects\ompi\oshmem\mca\scoll\ucc--scoll_ucc_module.c,1
