File_Location,assert_Count
C:\Users\gspav\PycharmProjects\ompi\3rd-party\openpmix\contrib\perf_tools--pmi2_pmap_parser.c,18
C:\Users\gspav\PycharmProjects\ompi\3rd-party\openpmix\src\class--pmix_hotel.c,1
C:\Users\gspav\PycharmProjects\ompi\3rd-party\openpmix\src\class--pmix_hotel.h,6
C:\Users\gspav\PycharmProjects\ompi\3rd-party\openpmix\src\class--pmix_list.c,5
C:\Users\gspav\PycharmProjects\ompi\3rd-party\openpmix\src\class--pmix_list.h,21
C:\Users\gspav\PycharmProjects\ompi\3rd-party\openpmix\src\class--pmix_object.c,1
C:\Users\gspav\PycharmProjects\ompi\3rd-party\openpmix\src\class--pmix_object.h,9
C:\Users\gspav\PycharmProjects\ompi\3rd-party\openpmix\src\class--pmix_pointer_array.c,16
C:\Users\gspav\PycharmProjects\ompi\3rd-party\openpmix\src\include--pmix_portable_platform_real.h,4
C:\Users\gspav\PycharmProjects\ompi\3rd-party\openpmix\src\mca\base--pmix_mca_base_alias.c,2
C:\Users\gspav\PycharmProjects\ompi\3rd-party\openpmix\src\mca\base--pmix_mca_base_close.c,1
C:\Users\gspav\PycharmProjects\ompi\3rd-party\openpmix\src\mca\base--pmix_mca_base_component_find.c,1
C:\Users\gspav\PycharmProjects\ompi\3rd-party\openpmix\src\mca\base--pmix_mca_base_component_repository.c,1
C:\Users\gspav\PycharmProjects\ompi\3rd-party\openpmix\src\mca\base--pmix_mca_base_framework.c,4
C:\Users\gspav\PycharmProjects\ompi\3rd-party\openpmix\src\mca\base--pmix_mca_base_var.c,7
C:\Users\gspav\PycharmProjects\ompi\3rd-party\openpmix\src\mca\base--pmix_mca_base_var_enum.c,4
C:\Users\gspav\PycharmProjects\ompi\3rd-party\openpmix\src\mca\base--pmix_mca_base_var_group.c,1
C:\Users\gspav\PycharmProjects\ompi\3rd-party\openpmix\src\mca\pdl\pdlopen--pdl_pdlopen_module.c,7
C:\Users\gspav\PycharmProjects\ompi\3rd-party\openpmix\src\mca\pdl\plibltdl--pdl_libltdl_module.c,8
C:\Users\gspav\PycharmProjects\ompi\3rd-party\openpmix\src\runtime--pmix_progress_threads.c,4
C:\Users\gspav\PycharmProjects\ompi\3rd-party\openpmix\src\tools\pmix_info--support.c,1
C:\Users\gspav\PycharmProjects\ompi\3rd-party\openpmix\src\util--pmix_environ.c,1
C:\Users\gspav\PycharmProjects\ompi\3rd-party\openpmix\src\util--pmix_string_copy.c,1
C:\Users\gspav\PycharmProjects\ompi\3rd-party\openpmix\src\util--pmix_vmem.c,1
C:\Users\gspav\PycharmProjects\ompi\3rd-party\openpmix\src\util--timings.c,5
C:\Users\gspav\PycharmProjects\ompi\3rd-party\openpmix\test--test_server.c,3
C:\Users\gspav\PycharmProjects\ompi\3rd-party\openpmix\test\simple--test_pmix.c,7
C:\Users\gspav\PycharmProjects\ompi\3rd-party\openpmix\test\test_v2--base64_enc_dec.c,1
C:\Users\gspav\PycharmProjects\ompi\3rd-party\openpmix\test\test_v2--test_clientapp_funcs.c,1
C:\Users\gspav\PycharmProjects\ompi\3rd-party\openpmix\test\test_v2--test_server.c,4
C:\Users\gspav\PycharmProjects\ompi\3rd-party\prrte\src\include--prte_portable_platform_real.h,4
C:\Users\gspav\PycharmProjects\ompi\3rd-party\prrte\src\mca\base--prte_mca_base_alias.c,2
C:\Users\gspav\PycharmProjects\ompi\3rd-party\prrte\src\mca\base--prte_mca_base_close.c,1
C:\Users\gspav\PycharmProjects\ompi\3rd-party\prrte\src\mca\base--prte_mca_base_component_find.c,1
C:\Users\gspav\PycharmProjects\ompi\3rd-party\prrte\src\mca\base--prte_mca_base_component_repository.c,1
C:\Users\gspav\PycharmProjects\ompi\3rd-party\prrte\src\mca\base--prte_mca_base_framework.c,4
C:\Users\gspav\PycharmProjects\ompi\3rd-party\prrte\src\mca\base--prte_mca_base_var.c,8
C:\Users\gspav\PycharmProjects\ompi\3rd-party\prrte\src\mca\base--prte_mca_base_var_enum.c,5
C:\Users\gspav\PycharmProjects\ompi\3rd-party\prrte\src\mca\base--prte_mca_base_var_group.c,1
C:\Users\gspav\PycharmProjects\ompi\3rd-party\prrte\src\mca\oob\tcp--oob_tcp_connection.c,1
C:\Users\gspav\PycharmProjects\ompi\3rd-party\prrte\src\mca\oob\tcp--oob_tcp_sendrecv.c,1
C:\Users\gspav\PycharmProjects\ompi\3rd-party\prrte\src\mca\plm\base--plm_base_receive.c,1
C:\Users\gspav\PycharmProjects\ompi\3rd-party\prrte\src\mca\prtedl\dlopen--prtedl_dlopen_module.c,7
C:\Users\gspav\PycharmProjects\ompi\3rd-party\prrte\src\mca\prtedl\libltdl--prtedl_libltdl_module.c,8
C:\Users\gspav\PycharmProjects\ompi\3rd-party\prrte\src\pmix--pmix-internal.h,1
C:\Users\gspav\PycharmProjects\ompi\3rd-party\prrte\src\runtime--prte_progress_threads.c,4
C:\Users\gspav\PycharmProjects\ompi\3rd-party\prrte\src\util--bipartite_graph.c,15
C:\Users\gspav\PycharmProjects\ompi\3rd-party\prrte\src\util--string_copy.c,1
C:\Users\gspav\PycharmProjects\ompi\3rd-party\romio341\adio\ad_daos--ad_daos_hhash.c,4
C:\Users\gspav\PycharmProjects\ompi\3rd-party\romio341\adio\ad_daos--ad_daos_open.c,1
C:\Users\gspav\PycharmProjects\ompi\3rd-party\romio341\adio\ad_gpfs\bg--ad_bg_pset.c,3
C:\Users\gspav\PycharmProjects\ompi\3rd-party\romio341\adio\ad_ime--ad_ime_close.c,1
C:\Users\gspav\PycharmProjects\ompi\3rd-party\romio341\adio\ad_ime--ad_ime_fcntl.c,1
C:\Users\gspav\PycharmProjects\ompi\3rd-party\romio341\adio\ad_ime--ad_ime_open.c,1
C:\Users\gspav\PycharmProjects\ompi\3rd-party\romio341\adio\ad_pvfs2--ad_pvfs2_io_dtype.c,1
C:\Users\gspav\PycharmProjects\ompi\3rd-party\romio341\adio\ad_pvfs2--ad_pvfs2_io_list.c,3
C:\Users\gspav\PycharmProjects\ompi\3rd-party\romio341\adio\common--ad_aggregate_new.c,1
C:\Users\gspav\PycharmProjects\ompi\3rd-party\romio341\adio\common--ad_coll_build_req_new.c,20
C:\Users\gspav\PycharmProjects\ompi\3rd-party\romio341\adio\common--ad_coll_exch_new.c,2
C:\Users\gspav\PycharmProjects\ompi\3rd-party\romio341\adio\common--heap_sort.c,1
C:\Users\gspav\PycharmProjects\ompi\3rd-party\romio341\mpl\include--mpl_dbg.h,1
C:\Users\gspav\PycharmProjects\ompi\3rd-party\romio341\mpl\include--mpl_thread_argobots.h,1
C:\Users\gspav\PycharmProjects\ompi\3rd-party\romio341\mpl\src\gavl--mpl_gavl.c,2
C:\Users\gspav\PycharmProjects\ompi\3rd-party\romio341\mpl\src\gpu--mpl_gpu_cuda.c,7
C:\Users\gspav\PycharmProjects\ompi\3rd-party\romio341\mpl\src\mem--mpl_trmem.c,1
C:\Users\gspav\PycharmProjects\ompi\3rd-party\romio341\mpl\src\sock--mpl_sockaddr.c,5
C:\Users\gspav\PycharmProjects\ompi\3rd-party\romio341\mpl\src\str--mpl_arg_serial.c,3
C:\Users\gspav\PycharmProjects\ompi\3rd-party\romio341\mpl\test--strsep.c,23
C:\Users\gspav\PycharmProjects\ompi\3rd-party\treematch--tm_bucket.c,5
C:\Users\gspav\PycharmProjects\ompi\3rd-party\treematch--tm_kpartitioning.c,1
C:\Users\gspav\PycharmProjects\ompi\3rd-party\treematch--tm_mapping.c,1
C:\Users\gspav\PycharmProjects\ompi\3rd-party\treematch--tm_tree.c,4
C:\Users\gspav\PycharmProjects\ompi\contrib\build-mca-comps-outside-of-tree--btl_tcp2_endpoint.c,2
C:\Users\gspav\PycharmProjects\ompi\contrib\build-mca-comps-outside-of-tree--btl_tcp2_frag.h,1
C:\Users\gspav\PycharmProjects\ompi\contrib\build-mca-comps-outside-of-tree--btl_tcp2_proc.c,1
C:\Users\gspav\PycharmProjects\ompi\ompi\attribute--attribute.c,4
C:\Users\gspav\PycharmProjects\ompi\ompi\communicator--comm_init.c,3
C:\Users\gspav\PycharmProjects\ompi\ompi\communicator\ft--comm_ft_detector.c,18
C:\Users\gspav\PycharmProjects\ompi\ompi\communicator\ft--comm_ft_reliable_bcast.c,9
C:\Users\gspav\PycharmProjects\ompi\ompi\datatype--ompi_datatype_args.c,7
C:\Users\gspav\PycharmProjects\ompi\ompi\datatype--ompi_datatype_module.c,1
C:\Users\gspav\PycharmProjects\ompi\ompi\dpm--dpm.c,2
C:\Users\gspav\PycharmProjects\ompi\ompi\errhandler--errhandler.c,2
C:\Users\gspav\PycharmProjects\ompi\ompi\group--group.h,2
C:\Users\gspav\PycharmProjects\ompi\ompi\info--info.c,2
C:\Users\gspav\PycharmProjects\ompi\ompi\mca\coll\base--coll_base_allreduce.c,1
C:\Users\gspav\PycharmProjects\ompi\ompi\mca\coll\base--coll_base_bcast.c,1
C:\Users\gspav\PycharmProjects\ompi\ompi\mca\coll\base--coll_base_frame.c,1
C:\Users\gspav\PycharmProjects\ompi\ompi\mca\coll\base--coll_base_reduce.c,1
C:\Users\gspav\PycharmProjects\ompi\ompi\mca\coll\base--coll_base_util.h,1
C:\Users\gspav\PycharmProjects\ompi\ompi\mca\coll\basic--coll_basic_bcast.c,1
C:\Users\gspav\PycharmProjects\ompi\ompi\mca\coll\ftagree--coll_ftagree_earlyreturning.c,75
C:\Users\gspav\PycharmProjects\ompi\ompi\mca\coll\ftagree--coll_ftagree_earlyterminating.c,8
C:\Users\gspav\PycharmProjects\ompi\ompi\mca\coll\han--coll_han_dynamic.c,1
C:\Users\gspav\PycharmProjects\ompi\ompi\mca\coll\han--coll_han_topo.c,2
C:\Users\gspav\PycharmProjects\ompi\ompi\mca\coll\hcoll--coll_hcoll_dtypes.h,1
C:\Users\gspav\PycharmProjects\ompi\ompi\mca\coll\hcoll--coll_hcoll_ops.c,1
C:\Users\gspav\PycharmProjects\ompi\ompi\mca\coll\hcoll--coll_hcoll_rte.c,2
C:\Users\gspav\PycharmProjects\ompi\ompi\mca\coll\libnbc--nbc_ialltoall.c,1
C:\Users\gspav\PycharmProjects\ompi\ompi\mca\coll\portals4--coll_portals4_component.c,2
C:\Users\gspav\PycharmProjects\ompi\ompi\mca\common\monitoring--common_monitoring_coll.c,1
C:\Users\gspav\PycharmProjects\ompi\ompi\mca\mtl\ofi--mtl_ofi.h,11
C:\Users\gspav\PycharmProjects\ompi\ompi\mca\mtl\portals4--mtl_portals4_recv.c,2
C:\Users\gspav\PycharmProjects\ompi\ompi\mca\mtl\portals4--mtl_portals4_send.c,2
C:\Users\gspav\PycharmProjects\ompi\ompi\mca\mtl\psm2--mtl_psm2.c,1
C:\Users\gspav\PycharmProjects\ompi\ompi\mca\mtl\psm2--mtl_psm2_send.c,2
C:\Users\gspav\PycharmProjects\ompi\ompi\mca\osc\base--osc_base_obj_convert.c,2
C:\Users\gspav\PycharmProjects\ompi\ompi\mca\osc\portals4--osc_portals4.h,1
C:\Users\gspav\PycharmProjects\ompi\ompi\mca\osc\portals4--osc_portals4_comm.c,3
C:\Users\gspav\PycharmProjects\ompi\ompi\mca\osc\rdma--osc_rdma.h,8
C:\Users\gspav\PycharmProjects\ompi\ompi\mca\osc\rdma--osc_rdma_btl_comm.h,1
C:\Users\gspav\PycharmProjects\ompi\ompi\mca\osc\rdma--osc_rdma_component.c,7
C:\Users\gspav\PycharmProjects\ompi\ompi\mca\osc\rdma--osc_rdma_dynamic.c,2
C:\Users\gspav\PycharmProjects\ompi\ompi\mca\osc\rdma--osc_rdma_peer.c,1
C:\Users\gspav\PycharmProjects\ompi\ompi\mca\osc\sm--osc_sm_component.c,1
C:\Users\gspav\PycharmProjects\ompi\ompi\mca\osc\ucx--osc_ucx_comm.c,6
C:\Users\gspav\PycharmProjects\ompi\ompi\mca\osc\ucx--osc_ucx_component.c,6
C:\Users\gspav\PycharmProjects\ompi\ompi\mca\osc\ucx--osc_ucx_passive_target.c,6
C:\Users\gspav\PycharmProjects\ompi\ompi\mca\osc\ucx--osc_ucx_request.c,1
C:\Users\gspav\PycharmProjects\ompi\ompi\mca\pml\base--pml_base_bsend.c,1
C:\Users\gspav\PycharmProjects\ompi\ompi\mca\pml\cm--pml_cm_recvreq.c,1
C:\Users\gspav\PycharmProjects\ompi\ompi\mca\pml\cm--pml_cm_recvreq.h,2
C:\Users\gspav\PycharmProjects\ompi\ompi\mca\pml\cm--pml_cm_sendreq.c,1
C:\Users\gspav\PycharmProjects\ompi\ompi\mca\pml\cm--pml_cm_sendreq.h,2
C:\Users\gspav\PycharmProjects\ompi\ompi\mca\pml\ob1--pml_ob1_comm.c,1
C:\Users\gspav\PycharmProjects\ompi\ompi\mca\pml\ob1--pml_ob1_cuda.c,3
C:\Users\gspav\PycharmProjects\ompi\ompi\mca\pml\ob1--pml_ob1_hdr.h,2
C:\Users\gspav\PycharmProjects\ompi\ompi\mca\pml\ob1--pml_ob1_irecv.c,2
C:\Users\gspav\PycharmProjects\ompi\ompi\mca\pml\ob1--pml_ob1_progress.c,1
C:\Users\gspav\PycharmProjects\ompi\ompi\mca\pml\ob1--pml_ob1_recvfrag.c,4
C:\Users\gspav\PycharmProjects\ompi\ompi\mca\pml\ob1--pml_ob1_recvreq.c,2
C:\Users\gspav\PycharmProjects\ompi\ompi\mca\pml\ob1--pml_ob1_sendreq.c,2
C:\Users\gspav\PycharmProjects\ompi\ompi\mca\pml\ob1--pml_ob1_sendreq.h,1
C:\Users\gspav\PycharmProjects\ompi\ompi\mca\pml\v--pml_v_output.h,3
C:\Users\gspav\PycharmProjects\ompi\ompi\mca\topo\base--topo_base_cart_create.c,1
C:\Users\gspav\PycharmProjects\ompi\ompi\mca\topo\base--topo_base_cart_sub.c,1
C:\Users\gspav\PycharmProjects\ompi\ompi\mca\topo\base--topo_base_dist_graph_create.c,1
C:\Users\gspav\PycharmProjects\ompi\ompi\mca\topo\base--topo_base_dist_graph_create_adjacent.c,1
C:\Users\gspav\PycharmProjects\ompi\ompi\mca\topo\base--topo_base_graph_create.c,1
C:\Users\gspav\PycharmProjects\ompi\ompi\mca\topo\treematch--topo_treematch_dist_graph_create.c,8
C:\Users\gspav\PycharmProjects\ompi\ompi\mca\vprotocol\pessimist--vprotocol_pessimist_eventlog.c,2
C:\Users\gspav\PycharmProjects\ompi\ompi\mca\vprotocol\pessimist--vprotocol_pessimist_eventlog.h,2
C:\Users\gspav\PycharmProjects\ompi\ompi\mca\vprotocol\pessimist--vprotocol_pessimist_request.c,1
C:\Users\gspav\PycharmProjects\ompi\ompi\mca\vprotocol\pessimist--vprotocol_pessimist_sender_based.c,2
C:\Users\gspav\PycharmProjects\ompi\ompi\mca\vprotocol\pessimist--vprotocol_pessimist_sender_based.h,2
C:\Users\gspav\PycharmProjects\ompi\ompi\mpi\c--isendrecv.c,1
C:\Users\gspav\PycharmProjects\ompi\ompi\mpi\c--isendrecv_replace.c,1
C:\Users\gspav\PycharmProjects\ompi\ompi\mpi\fortran\use-mpi-tkr\test--align_c.c,1
C:\Users\gspav\PycharmProjects\ompi\ompi\mpi\java\c--mpi_Comm.c,18
C:\Users\gspav\PycharmProjects\ompi\ompi\mpi\java\c--mpi_MPI.c,8
C:\Users\gspav\PycharmProjects\ompi\ompi\patterns\net--netpatterns_knomial_tree.c,8
C:\Users\gspav\PycharmProjects\ompi\ompi\patterns\net--netpatterns_knomial_tree.h,1
C:\Users\gspav\PycharmProjects\ompi\ompi\proc--proc.h,7
C:\Users\gspav\PycharmProjects\ompi\ompi\request--request.c,2
C:\Users\gspav\PycharmProjects\ompi\ompi\request--request.h,1
C:\Users\gspav\PycharmProjects\ompi\ompi\request--req_ft.c,2
C:\Users\gspav\PycharmProjects\ompi\ompi\request--req_wait.c,5
C:\Users\gspav\PycharmProjects\ompi\ompi\runtime--ompi_info_support.c,1
C:\Users\gspav\PycharmProjects\ompi\ompi\runtime--ompi_mpi_abort.c,2
C:\Users\gspav\PycharmProjects\ompi\ompi\runtime--ompi_mpi_dynamics.c,1
C:\Users\gspav\PycharmProjects\ompi\opal\class--opal_free_list.c,1
C:\Users\gspav\PycharmProjects\ompi\opal\class--opal_hotel.c,1
C:\Users\gspav\PycharmProjects\ompi\opal\class--opal_hotel.h,6
C:\Users\gspav\PycharmProjects\ompi\opal\class--opal_interval_tree.c,4
C:\Users\gspav\PycharmProjects\ompi\opal\class--opal_list.c,5
C:\Users\gspav\PycharmProjects\ompi\opal\class--opal_list.h,21
C:\Users\gspav\PycharmProjects\ompi\opal\class--opal_object.c,1
C:\Users\gspav\PycharmProjects\ompi\opal\class--opal_object.h,11
C:\Users\gspav\PycharmProjects\ompi\opal\class--opal_pointer_array.c,16
C:\Users\gspav\PycharmProjects\ompi\opal\cuda--common_cuda.c,4
C:\Users\gspav\PycharmProjects\ompi\opal\datatype--opal_convertor.c,6
C:\Users\gspav\PycharmProjects\ompi\opal\datatype--opal_convertor.h,1
C:\Users\gspav\PycharmProjects\ompi\opal\datatype--opal_convertor_raw.c,3
C:\Users\gspav\PycharmProjects\ompi\opal\datatype--opal_copy_functions_heterogeneous.c,3
C:\Users\gspav\PycharmProjects\ompi\opal\datatype--opal_datatype_add.c,2
C:\Users\gspav\PycharmProjects\ompi\opal\datatype--opal_datatype_clone.c,2
C:\Users\gspav\PycharmProjects\ompi\opal\datatype--opal_datatype_copy.h,4
C:\Users\gspav\PycharmProjects\ompi\opal\datatype--opal_datatype_fake_stack.c,5
C:\Users\gspav\PycharmProjects\ompi\opal\datatype--opal_datatype_get_count.c,1
C:\Users\gspav\PycharmProjects\ompi\opal\datatype--opal_datatype_internal.h,1
C:\Users\gspav\PycharmProjects\ompi\opal\datatype--opal_datatype_optimize.c,4
C:\Users\gspav\PycharmProjects\ompi\opal\datatype--opal_datatype_pack.c,7
C:\Users\gspav\PycharmProjects\ompi\opal\datatype--opal_datatype_pack.h,4
C:\Users\gspav\PycharmProjects\ompi\opal\datatype--opal_datatype_position.c,4
C:\Users\gspav\PycharmProjects\ompi\opal\datatype--opal_datatype_unpack.c,15
C:\Users\gspav\PycharmProjects\ompi\opal\datatype--opal_datatype_unpack.h,4
C:\Users\gspav\PycharmProjects\ompi\opal\include\opal--opal_portable_platform_real.h,4
C:\Users\gspav\PycharmProjects\ompi\opal\mca\base--mca_base_alias.c,2
C:\Users\gspav\PycharmProjects\ompi\opal\mca\base--mca_base_close.c,1
C:\Users\gspav\PycharmProjects\ompi\opal\mca\base--mca_base_component_find.c,1
C:\Users\gspav\PycharmProjects\ompi\opal\mca\base--mca_base_component_repository.c,1
C:\Users\gspav\PycharmProjects\ompi\opal\mca\base--mca_base_framework.c,4
C:\Users\gspav\PycharmProjects\ompi\opal\mca\base--mca_base_pvar.c,3
C:\Users\gspav\PycharmProjects\ompi\opal\mca\base--mca_base_var.c,8
C:\Users\gspav\PycharmProjects\ompi\opal\mca\base--mca_base_var_enum.c,5
C:\Users\gspav\PycharmProjects\ompi\opal\mca\base--mca_base_var_group.c,1
C:\Users\gspav\PycharmProjects\ompi\opal\mca\btl\base--btl_base_am_rdma.c,6
C:\Users\gspav\PycharmProjects\ompi\opal\mca\btl\base--btl_base_mca.c,1
C:\Users\gspav\PycharmProjects\ompi\opal\mca\btl\ofi--btl_ofi_context.c,1
C:\Users\gspav\PycharmProjects\ompi\opal\mca\btl\ofi--btl_ofi_module.c,1
C:\Users\gspav\PycharmProjects\ompi\opal\mca\btl\ofi--btl_ofi_rdma.c,4
C:\Users\gspav\PycharmProjects\ompi\opal\mca\btl\portals4--btl_portals4.c,1
C:\Users\gspav\PycharmProjects\ompi\opal\mca\btl\portals4--btl_portals4_frag.h,3
C:\Users\gspav\PycharmProjects\ompi\opal\mca\btl\sm--btl_sm_component.c,1
C:\Users\gspav\PycharmProjects\ompi\opal\mca\btl\sm--btl_sm_fifo.h,2
C:\Users\gspav\PycharmProjects\ompi\opal\mca\btl\sm--btl_sm_module.c,1
C:\Users\gspav\PycharmProjects\ompi\opal\mca\btl\sm--btl_sm_sendi.c,1
C:\Users\gspav\PycharmProjects\ompi\opal\mca\btl\smcuda--btl_smcuda.c,2
C:\Users\gspav\PycharmProjects\ompi\opal\mca\btl\smcuda--btl_smcuda_component.c,1
C:\Users\gspav\PycharmProjects\ompi\opal\mca\btl\smcuda--btl_smcuda_fifo.h,1
C:\Users\gspav\PycharmProjects\ompi\opal\mca\btl\tcp--btl_tcp_component.c,3
C:\Users\gspav\PycharmProjects\ompi\opal\mca\btl\tcp--btl_tcp_endpoint.c,10
C:\Users\gspav\PycharmProjects\ompi\opal\mca\btl\uct--btl_uct_am.c,4
C:\Users\gspav\PycharmProjects\ompi\opal\mca\btl\uct--btl_uct_endpoint.c,2
C:\Users\gspav\PycharmProjects\ompi\opal\mca\btl\uct--btl_uct_endpoint.h,2
C:\Users\gspav\PycharmProjects\ompi\opal\mca\btl\uct--btl_uct_tl.c,2
C:\Users\gspav\PycharmProjects\ompi\opal\mca\btl\ugni--btl_ugni_component.c,2
C:\Users\gspav\PycharmProjects\ompi\opal\mca\btl\ugni--btl_ugni_endpoint.c,4
C:\Users\gspav\PycharmProjects\ompi\opal\mca\btl\ugni--btl_ugni_frag.h,1
C:\Users\gspav\PycharmProjects\ompi\opal\mca\btl\ugni--btl_ugni_get.c,2
C:\Users\gspav\PycharmProjects\ompi\opal\mca\btl\ugni--btl_ugni_send.c,1
C:\Users\gspav\PycharmProjects\ompi\opal\mca\btl\ugni--btl_ugni_smsg.c,2
C:\Users\gspav\PycharmProjects\ompi\opal\mca\btl\ugni--btl_ugni_smsg.h,2
C:\Users\gspav\PycharmProjects\ompi\opal\mca\btl\usnic--btl_usnic_ack.c,2
C:\Users\gspav\PycharmProjects\ompi\opal\mca\btl\usnic--btl_usnic_cagent.c,2
C:\Users\gspav\PycharmProjects\ompi\opal\mca\btl\usnic--btl_usnic_cclient.c,3
C:\Users\gspav\PycharmProjects\ompi\opal\mca\btl\usnic--btl_usnic_compat.c,9
C:\Users\gspav\PycharmProjects\ompi\opal\mca\btl\usnic--btl_usnic_component.c,4
C:\Users\gspav\PycharmProjects\ompi\opal\mca\btl\usnic--btl_usnic_endpoint.c,1
C:\Users\gspav\PycharmProjects\ompi\opal\mca\btl\usnic--btl_usnic_frag.c,7
C:\Users\gspav\PycharmProjects\ompi\opal\mca\btl\usnic--btl_usnic_frag.h,17
C:\Users\gspav\PycharmProjects\ompi\opal\mca\btl\usnic--btl_usnic_hwloc.c,4
C:\Users\gspav\PycharmProjects\ompi\opal\mca\btl\usnic--btl_usnic_module.c,28
C:\Users\gspav\PycharmProjects\ompi\opal\mca\btl\usnic--btl_usnic_proc.c,8
C:\Users\gspav\PycharmProjects\ompi\opal\mca\btl\usnic--btl_usnic_recv.c,2
C:\Users\gspav\PycharmProjects\ompi\opal\mca\btl\usnic--btl_usnic_recv.h,2
C:\Users\gspav\PycharmProjects\ompi\opal\mca\btl\usnic--btl_usnic_send.c,1
C:\Users\gspav\PycharmProjects\ompi\opal\mca\btl\usnic--btl_usnic_send.h,7
C:\Users\gspav\PycharmProjects\ompi\opal\mca\btl\usnic--btl_usnic_stats.c,6
C:\Users\gspav\PycharmProjects\ompi\opal\mca\btl\usnic--btl_usnic_test.c,1
C:\Users\gspav\PycharmProjects\ompi\opal\mca\btl\usnic--btl_usnic_util.c,4
C:\Users\gspav\PycharmProjects\ompi\opal\mca\btl\usnic\test--usnic_btl_run_tests.c,1
C:\Users\gspav\PycharmProjects\ompi\opal\mca\common\ofi--common_ofi.c,2
C:\Users\gspav\PycharmProjects\ompi\opal\mca\common\ucx--common_ucx.c,2
C:\Users\gspav\PycharmProjects\ompi\opal\mca\common\ucx--common_ucx_wpool.c,5
C:\Users\gspav\PycharmProjects\ompi\opal\mca\common\ucx--common_ucx_wpool.h,1
C:\Users\gspav\PycharmProjects\ompi\opal\mca\dl\dlopen--dl_dlopen_module.c,7
C:\Users\gspav\PycharmProjects\ompi\opal\mca\dl\libltdl--dl_libltdl_module.c,8
C:\Users\gspav\PycharmProjects\ompi\opal\mca\pmix--pmix-internal.h,1
C:\Users\gspav\PycharmProjects\ompi\opal\mca\rcache\grdma--rcache_grdma_module.c,2
C:\Users\gspav\PycharmProjects\ompi\opal\mca\rcache\rgpusm--rcache_rgpusm_module.c,11
C:\Users\gspav\PycharmProjects\ompi\opal\mca\rcache\udreg--rcache_udreg_module.c,2
C:\Users\gspav\PycharmProjects\ompi\opal\mca\smsc\xpmem--smsc_xpmem_module.c,1
C:\Users\gspav\PycharmProjects\ompi\opal\mca\threads--tsd.h,1
C:\Users\gspav\PycharmProjects\ompi\opal\mca\threads--wait_sync.h,2
C:\Users\gspav\PycharmProjects\ompi\opal\mca\threads\argobots--threads_argobots_mutex.h,3
C:\Users\gspav\PycharmProjects\ompi\opal\mca\threads\base--mutex.c,2
C:\Users\gspav\PycharmProjects\ompi\opal\mca\threads\base--tsd.c,2
C:\Users\gspav\PycharmProjects\ompi\opal\mca\threads\pthreads--threads_pthreads_mutex.h,10
C:\Users\gspav\PycharmProjects\ompi\opal\runtime--opal_finalize.c,2
C:\Users\gspav\PycharmProjects\ompi\opal\runtime--opal_info_support.c,1
C:\Users\gspav\PycharmProjects\ompi\opal\runtime--opal_progress_threads.c,2
C:\Users\gspav\PycharmProjects\ompi\opal\util--arch.c,1
C:\Users\gspav\PycharmProjects\ompi\opal\util--bipartite_graph.c,15
C:\Users\gspav\PycharmProjects\ompi\opal\util--string_copy.c,1
C:\Users\gspav\PycharmProjects\ompi\oshmem\mca\atomic\ucx--atomic_ucx_cswap.c,2
C:\Users\gspav\PycharmProjects\ompi\oshmem\mca\atomic\ucx--atomic_ucx_module.c,4
C:\Users\gspav\PycharmProjects\ompi\oshmem\mca\memheap\base--memheap_base_alloc.c,3
C:\Users\gspav\PycharmProjects\ompi\oshmem\mca\memheap\base--memheap_base_mkey.c,9
C:\Users\gspav\PycharmProjects\ompi\oshmem\mca\memheap\base--memheap_base_static.c,3
C:\Users\gspav\PycharmProjects\ompi\oshmem\mca\memheap\buddy--memheap_buddy.c,1
C:\Users\gspav\PycharmProjects\ompi\oshmem\mca\memheap\ptmalloc--malloc.c,1
C:\Users\gspav\PycharmProjects\ompi\oshmem\mca\spml\ucx--spml_ucx.c,9
C:\Users\gspav\PycharmProjects\ompi\oshmem\mca\sshmem\base--sshmem_base_wrappers.c,1
C:\Users\gspav\PycharmProjects\ompi\oshmem\mca\sshmem\mmap--sshmem_mmap_module.c,4
C:\Users\gspav\PycharmProjects\ompi\oshmem\mca\sshmem\sysv--sshmem_sysv_module.c,4
C:\Users\gspav\PycharmProjects\ompi\oshmem\mca\sshmem\ucx--sshmem_ucx_module.c,3
C:\Users\gspav\PycharmProjects\ompi\oshmem\mca\sshmem\ucx--sshmem_ucx_shadow.c,9
C:\Users\gspav\PycharmProjects\ompi\oshmem\proc--proc.c,2
C:\Users\gspav\PycharmProjects\ompi\oshmem\request--request.c,2
C:\Users\gspav\PycharmProjects\ompi\oshmem\shmem\c--shmem_info.c,1
C:\Users\gspav\PycharmProjects\ompi\oshmem\util--oshmem_util.c,4
